"link","created_at"
"https://arstechnica.com/?p=1893810","2022-11-15T12:58:30+00:00"
"https://arstechnica.com/?p=1897425","2022-11-14T14:49:32+00:00"
"https://arstechnica.com/?p=1891572","2022-11-14T14:49:49+00:00"
"https://arstechnica.com/?p=1897094","2022-11-14T14:49:38+00:00"
"https://arstechnica.com/?p=1897331","2022-11-14T14:49:45+00:00"
"https://arstechnica.com/?p=1897112","2022-11-14T14:49:39+00:00"
"https://arstechnica.com/?p=1885293","2022-11-14T14:49:31+00:00"
"https://arstechnica.com/?p=1896911","2022-11-14T14:49:55+00:00"
"https://arstechnica.com/?p=1897247","2022-11-14T14:49:47+00:00"
"https://arstechnica.com/?p=1897239","2022-11-14T14:49:48+00:00"
"https://arstechnica.com/?p=1885293","2022-11-14T14:49:31+00:00"
"https://arstechnica.com/?p=1897339","2022-11-14T14:49:43+00:00"
"https://arstechnica.com/?p=1897062","2022-11-14T14:49:52+00:00"
"https://arstechnica.com/?p=1897484","2022-11-14T20:06:36+00:00"
"https://arstechnica.com/?p=1897097","2022-11-14T14:49:53+00:00"
"https://arstechnica.com/?p=1897239","2022-11-14T14:49:48+00:00"
"https://arstechnica.com/?p=1897339","2022-11-14T14:49:43+00:00"
"https://arstechnica.com/?p=1897112","2022-11-14T14:49:39+00:00"
"https://arstechnica.com/?p=1895882","2022-11-14T14:49:36+00:00"
"https://arstechnica.com/?p=1896911","2022-11-14T14:49:55+00:00"
"https://arstechnica.com/?p=1897425","2022-11-14T14:49:32+00:00"
"https://arstechnica.com/?p=1897062","2022-11-14T14:49:52+00:00"
"https://arstechnica.com/?p=1896911","2022-11-14T14:49:55+00:00"
"https://arstechnica.com/?p=1897097","2022-11-14T14:49:53+00:00"
"https://arstechnica.com/?p=1897239","2022-11-14T14:49:48+00:00"
"https://arstechnica.com/?p=1895882","2022-11-14T14:49:36+00:00"
"https://arstechnica.com/?p=1897339","2022-11-14T14:49:43+00:00"
"https://arstechnica.com/?p=1897112","2022-11-14T14:49:39+00:00"
"https://arstechnica.com/?p=1897185","2022-11-14T14:49:51+00:00"
"https://arstechnica.com/?p=1895882","2022-11-14T14:49:36+00:00"
"https://arstechnica.com/?p=1897136","2022-11-14T14:49:34+00:00"
"https://arstechnica.com/?p=1897439","2022-11-14T14:49:33+00:00"
"https://arstechnica.com/?p=1897225","2022-11-14T14:49:41+00:00"
"","1970-01-01T00:00:00+00:00"
"https://arstechnica.com/?p=1897225","2022-11-14T14:49:41+00:00"
"https://arstechnica.com/?p=1896911","2022-11-14T14:49:55+00:00"
"https://arstechnica.com/?p=1897425","2022-11-14T14:49:32+00:00"
"https://arstechnica.com/?p=1897239","2022-11-14T14:49:48+00:00"
"https://arstechnica.com/?p=1897112","2022-11-14T14:49:39+00:00"
"https://arstechnica.com/?p=1897100","2022-11-14T14:49:40+00:00"
"https://arstechnica.com/?p=1897100","2022-11-14T14:49:40+00:00"
"https://arstechnica.com/?p=1897097","2022-11-14T14:49:53+00:00"
"https://arstechnica.com/?p=1897239","2022-11-14T14:49:48+00:00"
"https://arstechnica.com/?p=1897331","2022-11-14T14:49:45+00:00"
"https://arstechnica.com/?p=1897247","2022-11-14T14:49:47+00:00"
"https://arstechnica.com/?p=1897439","2022-11-14T14:49:33+00:00"
"https://arstechnica.com/?p=1897185","2022-11-14T14:49:51+00:00"
"https://arstechnica.com/?p=1897100","2022-11-14T14:49:40+00:00"
"https://arstechnica.com/?p=1897094","2022-11-14T14:49:38+00:00"
"https://arstechnica.com/?p=1885293","2022-11-14T14:49:31+00:00"
"https://arstechnica.com/?p=1891572","2022-11-14T14:49:49+00:00"
"https://arstechnica.com/?p=1897321","2022-11-14T14:49:44+00:00"
"https://arstechnica.com/?p=1897239","2022-11-14T14:49:48+00:00"
"https://arstechnica.com/?p=1897239","2022-11-14T14:49:48+00:00"
"https://arstechnica.com/?p=1897339","2022-11-14T14:49:43+00:00"
"https://arstechnica.com/?p=1897331","2022-11-14T14:49:45+00:00"
"https://arstechnica.com/?p=1885293","2022-11-14T14:49:31+00:00"
"https://arstechnica.com/?p=1897097","2022-11-14T14:49:53+00:00"
"https://arstechnica.com/?p=1897112","2022-11-14T14:49:39+00:00"
"https://arstechnica.com/?p=1897094","2022-11-14T14:49:38+00:00"
"https://arstechnica.com/?p=1897734","2022-11-14T21:47:21+00:00"
"https://arstechnica.com/?p=1897339","2022-11-14T14:49:43+00:00"
"https://arstechnica.com/?p=1895882","2022-11-14T14:49:36+00:00"
"https://arstechnica.com/?p=1897225","2022-11-14T14:49:41+00:00"
"https://arstechnica.com/?p=1897225","2022-11-14T14:49:41+00:00"
"https://arstechnica.com/?p=1897062","2022-11-14T14:49:52+00:00"
"https://arstechnica.com/?p=1897331","2022-11-14T14:49:45+00:00"
"https://arstechnica.com/?p=1897247","2022-11-14T14:49:47+00:00"
"https://arstechnica.com/?p=1885293","2022-11-14T14:49:31+00:00"
"https://arstechnica.com/?p=1897331","2022-11-14T14:49:45+00:00"
"https://arstechnica.com/?p=1897185","2022-11-14T14:49:51+00:00"
"https://arstechnica.com/?p=1897518","2022-11-14T16:40:32+00:00"
"https://arstechnica.com/?p=1897339","2022-11-14T14:49:43+00:00"
"https://arstechnica.com/?p=1897094","2022-11-14T14:49:38+00:00"
"https://arstechnica.com/?p=1897439","2022-11-14T14:49:33+00:00"
"https://arstechnica.com/?p=1897031","2022-11-14T14:49:54+00:00"
"https://arstechnica.com/?p=1895882","2022-11-14T14:49:36+00:00"
"https://arstechnica.com/?p=1897425","2022-11-14T14:49:32+00:00"
"https://arstechnica.com/?p=1897097","2022-11-14T14:49:53+00:00"
"https://arstechnica.com/?p=1897239","2022-11-14T14:49:48+00:00"
"https://arstechnica.com/?p=1897339","2022-11-14T14:49:43+00:00"
"https://arstechnica.com/?p=1891572","2022-11-14T14:49:49+00:00"
"https://arstechnica.com/?p=1897062","2022-11-14T14:49:52+00:00"
"https://arstechnica.com/?p=1897331","2022-11-14T14:49:45+00:00"
"https://arstechnica.com/?p=1897247","2022-11-14T14:49:47+00:00"
"https://arstechnica.com/?p=1897247","2022-11-14T14:49:47+00:00"
"https://arstechnica.com/?p=1897094","2022-11-14T14:49:38+00:00"
"https://arstechnica.com/?p=1897439","2022-11-14T14:49:33+00:00"
"https://arstechnica.com/?p=1897136","2022-11-14T14:49:34+00:00"
"https://arstechnica.com/?p=1897112","2022-11-14T14:49:39+00:00"
"https://arstechnica.com/?p=1897185","2022-11-14T14:49:51+00:00"
"https://arstechnica.com/?p=1897239","2022-11-14T14:49:48+00:00"
"https://arstechnica.com/?p=1897112","2022-11-14T14:49:39+00:00"
"https://arstechnica.com/?p=1897737","2022-11-14T21:47:20+00:00"
"https://arstechnica.com/?p=1897112","2022-11-14T14:49:39+00:00"
"https://arstechnica.com/?p=1897097","2022-11-14T14:49:53+00:00"
"https://arstechnica.com/?p=1897425","2022-11-14T14:49:32+00:00"
"https://arstechnica.com/?p=1885293","2022-11-14T14:49:31+00:00"
"https://arstechnica.com/?p=1897225","2022-11-14T14:49:41+00:00"
"https://arstechnica.com/?p=1897185","2022-11-14T14:49:51+00:00"
"https://arstechnica.com/?p=1897097","2022-11-14T14:49:53+00:00"
"https://arstechnica.com/?p=1896911","2022-11-14T14:49:55+00:00"
"https://arstechnica.com/?p=1897225","2022-11-14T14:49:41+00:00"
"https://arstechnica.com/?p=1897112","2022-11-14T14:49:39+00:00"
"https://arstechnica.com/?p=1897031","2022-11-14T14:49:54+00:00"
"https://arstechnica.com/?p=1897339","2022-11-14T14:49:43+00:00"
"https://arstechnica.com/?p=1897494","2022-11-14T17:54:41+00:00"
"https://arstechnica.com/?p=1897100","2022-11-14T14:49:40+00:00"
"https://arstechnica.com/?p=1897031","2022-11-14T14:49:54+00:00"
"https://arstechnica.com/?p=1897136","2022-11-14T14:49:34+00:00"
"https://arstechnica.com/?p=1897247","2022-11-14T14:49:47+00:00"
"https://arstechnica.com/?p=1891572","2022-11-14T14:49:49+00:00"
"https://arstechnica.com/?p=1897321","2022-11-14T14:49:44+00:00"
"https://arstechnica.com/?p=1897225","2022-11-14T14:49:41+00:00"
"https://arstechnica.com/?p=1891572","2022-11-14T14:49:49+00:00"
"https://arstechnica.com/?p=1897339","2022-11-14T14:49:43+00:00"
"https://arstechnica.com/?p=1897031","2022-11-14T14:49:54+00:00"
"https://arstechnica.com/?p=1891572","2022-11-14T14:49:49+00:00"
"https://arstechnica.com/?p=1897097","2022-11-14T14:49:53+00:00"
"https://arstechnica.com/?p=1895882","2022-11-14T14:49:36+00:00"
"https://arstechnica.com/?p=1895882","2022-11-14T14:49:36+00:00"
"https://arstechnica.com/?p=1897136","2022-11-14T14:49:34+00:00"
"https://arstechnica.com/?p=1897247","2022-11-14T14:49:47+00:00"
"https://arstechnica.com/?p=1897225","2022-11-14T14:49:41+00:00"
"https://arstechnica.com/?p=1897100","2022-11-14T14:49:40+00:00"
"https://arstechnica.com/?p=1891572","2022-11-14T14:49:49+00:00"
"https://arstechnica.com/?p=1897100","2022-11-14T14:49:40+00:00"
"https://arstechnica.com/?p=1897031","2022-11-14T14:49:54+00:00"
"https://arstechnica.com/?p=1897321","2022-11-14T14:49:44+00:00"
"https://arstechnica.com/?p=1897097","2022-11-14T14:49:53+00:00"
"https://arstechnica.com/?p=1897321","2022-11-14T14:49:44+00:00"
"https://arstechnica.com/?p=1897439","2022-11-14T14:49:33+00:00"
"https://arstechnica.com/?p=1897097","2022-11-14T14:49:53+00:00"
"https://arstechnica.com/?p=1897439","2022-11-14T14:49:33+00:00"
"https://arstechnica.com/?p=1897100","2022-11-14T14:49:40+00:00"
"https://arstechnica.com/?p=1897425","2022-11-14T14:49:32+00:00"
"https://arstechnica.com/?p=1897331","2022-11-14T14:49:45+00:00"
"https://arstechnica.com/?p=1897339","2022-11-14T14:49:43+00:00"
"https://arstechnica.com/?p=1897321","2022-11-14T14:49:44+00:00"
"https://arstechnica.com/?p=1897425","2022-11-14T14:49:32+00:00"
"https://arstechnica.com/?p=1897094","2022-11-14T14:49:38+00:00"
"https://arstechnica.com/?p=1897062","2022-11-14T14:49:52+00:00"
"https://arstechnica.com/?p=1897062","2022-11-14T14:49:52+00:00"
"https://arstechnica.com/?p=1897094","2022-11-14T14:49:38+00:00"
"https://arstechnica.com/?p=1885293","2022-11-14T14:49:31+00:00"
"https://arstechnica.com/?p=1897239","2022-11-14T14:49:48+00:00"
"https://arstechnica.com/?p=1897112","2022-11-14T14:49:39+00:00"
"https://arstechnica.com/?p=1895882","2022-11-14T14:49:36+00:00"
"https://arstechnica.com/?p=1897031","2022-11-14T14:49:54+00:00"
"https://arstechnica.com/?p=1885293","2022-11-14T14:49:31+00:00"
"https://arstechnica.com/?p=1897439","2022-11-14T14:49:33+00:00"
"https://arstechnica.com/?p=1897321","2022-11-14T14:49:44+00:00"
"https://arstechnica.com/?p=1897097","2022-11-14T14:49:53+00:00"
"https://arstechnica.com/?p=1885293","2022-11-14T14:49:31+00:00"
"https://arstechnica.com/?p=1897136","2022-11-14T14:49:34+00:00"
"https://arstechnica.com/?p=1897321","2022-11-14T14:49:44+00:00"
"https://arstechnica.com/?p=1897185","2022-11-14T14:49:51+00:00"
"https://arstechnica.com/?p=1897239","2022-11-14T14:49:48+00:00"
"https://arstechnica.com/?p=1897112","2022-11-14T14:49:39+00:00"
"https://arstechnica.com/?p=1897331","2022-11-14T14:49:45+00:00"
"https://arstechnica.com/?p=1896911","2022-11-14T14:49:55+00:00"
"https://arstechnica.com/?p=1897331","2022-11-14T14:49:45+00:00"
"https://arstechnica.com/?p=1896911","2022-11-14T14:49:55+00:00"
"https://arstechnica.com/?p=1897136","2022-11-14T14:49:34+00:00"
"https://arstechnica.com/?p=1897094","2022-11-14T14:49:38+00:00"
"https://arstechnica.com/?p=1896911","2022-11-14T14:49:55+00:00"
"https://arstechnica.com/?p=1897321","2022-11-14T14:49:44+00:00"
"https://arstechnica.com/?p=1896911","2022-11-14T14:49:55+00:00"
"https://arstechnica.com/?p=1897247","2022-11-14T14:49:47+00:00"
"https://arstechnica.com/?p=1897100","2022-11-14T14:49:40+00:00"
"https://arstechnica.com/?p=1897321","2022-11-14T14:49:44+00:00"
"https://arstechnica.com/?p=1897247","2022-11-14T14:49:47+00:00"
"https://arstechnica.com/?p=1897062","2022-11-14T14:49:52+00:00"
"https://arstechnica.com/?p=1897136","2022-11-14T14:49:34+00:00"
"https://arstechnica.com/?p=1897225","2022-11-14T14:49:41+00:00"
"https://arstechnica.com/?p=1896911","2022-11-14T14:49:55+00:00"
"https://arstechnica.com/?p=1897097","2022-11-14T14:49:53+00:00"
"https://arstechnica.com/?p=1891572","2022-11-14T14:49:49+00:00"
"https://arstechnica.com/?p=1896911","2022-11-14T14:49:55+00:00"
"https://arstechnica.com/?p=1897094","2022-11-14T14:49:38+00:00"
"https://arstechnica.com/?p=1897031","2022-11-14T14:49:54+00:00"
"https://arstechnica.com/?p=1897439","2022-11-14T14:49:33+00:00"
"https://arstechnica.com/?p=1897097","2022-11-14T14:49:53+00:00"
"https://arstechnica.com/?p=1897225","2022-11-14T14:49:41+00:00"
"https://arstechnica.com/?p=1897321","2022-11-14T14:49:44+00:00"
"https://arstechnica.com/?p=1897339","2022-11-14T14:49:43+00:00"
"https://arstechnica.com/?p=1896911","2022-11-14T14:49:55+00:00"
"https://arstechnica.com/?p=1897100","2022-11-14T14:49:40+00:00"
"https://arstechnica.com/?p=1891572","2022-11-14T14:49:49+00:00"
"https://arstechnica.com/?p=1897439","2022-11-14T14:49:33+00:00"
"https://arstechnica.com/?p=1897239","2022-11-14T14:49:48+00:00"
"https://arstechnica.com/?p=1897062","2022-11-14T14:49:52+00:00"
"https://arstechnica.com/?p=1897331","2022-11-14T14:49:45+00:00"
"https://arstechnica.com/?p=1897136","2022-11-14T14:49:34+00:00"
"https://arstechnica.com/?p=1891572","2022-11-14T14:49:49+00:00"
"https://arstechnica.com/?p=1897112","2022-11-14T14:49:39+00:00"
"https://arstechnica.com/?p=1885293","2022-11-14T14:49:31+00:00"
"https://arstechnica.com/?p=1897247","2022-11-14T14:49:47+00:00"
"https://arstechnica.com/?p=1897100","2022-11-14T14:49:40+00:00"
"https://arstechnica.com/?p=1897185","2022-11-14T14:49:51+00:00"
"https://arstechnica.com/?p=1897097","2022-11-14T14:49:53+00:00"
"https://arstechnica.com/?p=1897339","2022-11-14T14:49:43+00:00"
"https://arstechnica.com/?p=1897136","2022-11-14T14:49:34+00:00"
"https://arstechnica.com/?p=1896911","2022-11-14T14:49:55+00:00"
"https://arstechnica.com/?p=1897425","2022-11-14T14:49:32+00:00"
"https://arstechnica.com/?p=1895882","2022-11-14T14:49:36+00:00"
"https://arstechnica.com/?p=1897097","2022-11-14T14:49:53+00:00"
"https://arstechnica.com/?p=1897112","2022-11-14T14:49:39+00:00"
"https://arstechnica.com/?p=1897331","2022-11-14T14:49:45+00:00"
"https://arstechnica.com/?p=1897136","2022-11-14T14:49:34+00:00"
"https://arstechnica.com/?p=1897062","2022-11-14T14:49:52+00:00"
"https://arstechnica.com/?p=1885293","2022-11-14T14:49:31+00:00"
"https://arstechnica.com/?p=1897321","2022-11-14T14:49:44+00:00"
"https://arstechnica.com/?p=1897100","2022-11-14T14:49:40+00:00"
"https://arstechnica.com/?p=1895882","2022-11-14T14:49:36+00:00"
"https://arstechnica.com/?p=1897439","2022-11-14T14:49:33+00:00"
"https://arstechnica.com/?p=1897031","2022-11-14T14:49:54+00:00"
"https://arstechnica.com/?p=1897523","2022-11-14T17:54:39+00:00"
"https://arstechnica.com/?p=1897225","2022-11-14T14:49:41+00:00"
"https://arstechnica.com/?p=1897239","2022-11-14T14:49:48+00:00"
"https://arstechnica.com/?p=1891572","2022-11-14T14:49:49+00:00"
"https://arstechnica.com/?p=1897097","2022-11-14T14:49:53+00:00"
"https://arstechnica.com/?p=1897062","2022-11-14T14:49:52+00:00"
"https://arstechnica.com/?p=1897185","2022-11-14T14:49:51+00:00"
"https://arstechnica.com/?p=1891572","2022-11-14T14:49:49+00:00"
"https://arstechnica.com/?p=1897425","2022-11-14T14:49:32+00:00"
"https://arstechnica.com/?p=1897239","2022-11-14T14:49:48+00:00"
"https://arstechnica.com/?p=1897100","2022-11-14T14:49:40+00:00"
"https://arstechnica.com/?p=1897492","2022-11-14T17:54:36+00:00"
"https://arstechnica.com/?p=1897100","2022-11-14T14:49:40+00:00"
"https://arstechnica.com/?p=1897439","2022-11-14T14:49:33+00:00"
"https://arstechnica.com/?p=1885293","2022-11-14T14:49:31+00:00"
"https://arstechnica.com/?p=1897331","2022-11-14T14:49:45+00:00"
"https://arstechnica.com/?p=1897321","2022-11-14T14:49:44+00:00"
"https://arstechnica.com/?p=1897331","2022-11-14T14:49:45+00:00"
"https://arstechnica.com/?p=1897608","2022-11-14T23:05:26+00:00"
"https://arstechnica.com/?p=1897062","2022-11-14T14:49:52+00:00"
"https://arstechnica.com/?p=1895882","2022-11-14T14:49:36+00:00"
"https://arstechnica.com/?p=1897136","2022-11-14T14:49:34+00:00"
"https://arstechnica.com/?p=1897439","2022-11-14T14:49:33+00:00"
"https://arstechnica.com/?p=1897062","2022-11-14T14:49:52+00:00"
"https://arstechnica.com/?p=1897425","2022-11-14T14:49:32+00:00"
"https://arstechnica.com/?p=1897136","2022-11-14T14:49:34+00:00"
"https://arstechnica.com/?p=1897094","2022-11-14T14:49:38+00:00"
"https://arstechnica.com/?p=1897321","2022-11-14T14:49:44+00:00"
"https://arstechnica.com/?p=1897094","2022-11-14T14:49:38+00:00"
"https://arstechnica.com/?p=1897439","2022-11-14T14:49:33+00:00"
"https://arstechnica.com/?p=1897239","2022-11-14T14:49:48+00:00"
"https://arstechnica.com/?p=1897339","2022-11-14T14:49:43+00:00"
"https://arstechnica.com/?p=1897225","2022-11-14T14:49:41+00:00"
"https://arstechnica.com/?p=1897247","2022-11-14T14:49:47+00:00"
"https://arstechnica.com/?p=1891572","2022-11-14T14:49:49+00:00"
"https://arstechnica.com/?p=1885293","2022-11-14T14:49:31+00:00"
"https://arstechnica.com/?p=1897031","2022-11-14T14:49:54+00:00"
"https://arstechnica.com/?p=1897321","2022-11-14T14:49:44+00:00"
"https://arstechnica.com/?p=1897247","2022-11-14T14:49:47+00:00"
"https://arstechnica.com/?p=1897062","2022-11-14T14:49:52+00:00"
"https://arstechnica.com/?p=1895882","2022-11-14T14:49:36+00:00"
"https://arstechnica.com/?p=1897247","2022-11-14T14:49:47+00:00"
"https://arstechnica.com/?p=1891572","2022-11-14T14:49:49+00:00"
"https://arstechnica.com/?p=1897185","2022-11-14T14:49:51+00:00"
"https://arstechnica.com/?p=1897094","2022-11-14T14:49:38+00:00"
"https://arstechnica.com/?p=1897425","2022-11-14T14:49:32+00:00"
"https://arstechnica.com/?p=1897425","2022-11-14T14:49:32+00:00"
"https://arstechnica.com/?p=1897321","2022-11-14T14:49:44+00:00"
"https://arstechnica.com/?p=1897185","2022-11-14T14:49:51+00:00"
"https://arstechnica.com/?p=1897094","2022-11-14T14:49:38+00:00"
"https://arstechnica.com/?p=1897100","2022-11-14T14:49:40+00:00"
"https://arstechnica.com/?p=1897136","2022-11-14T14:49:34+00:00"
"https://arstechnica.com/?p=1897097","2022-11-14T14:49:53+00:00"
"https://arstechnica.com/?p=1897425","2022-11-14T14:49:32+00:00"
"https://arstechnica.com/?p=1897185","2022-11-14T14:49:51+00:00"
"https://arstechnica.com/?p=1897225","2022-11-14T14:49:41+00:00"
"https://arstechnica.com/?p=1897100","2022-11-14T14:49:40+00:00"
"https://arstechnica.com/?p=1897339","2022-11-14T14:49:43+00:00"
"https://arstechnica.com/?p=1897225","2022-11-14T14:49:41+00:00"
"https://arstechnica.com/?p=1897185","2022-11-14T14:49:51+00:00"
"https://arstechnica.com/?p=1897031","2022-11-14T14:49:54+00:00"
"https://arstechnica.com/?p=1897247","2022-11-14T14:49:47+00:00"
"https://arstechnica.com/?p=1897247","2022-11-14T14:49:47+00:00"
"https://arstechnica.com/?p=1897225","2022-11-14T14:49:41+00:00"
"https://arstechnica.com/?p=1897425","2022-11-14T14:49:32+00:00"
"https://arstechnica.com/?p=1897239","2022-11-14T14:49:48+00:00"
"https://arstechnica.com/?p=1896911","2022-11-14T14:49:55+00:00"
"https://arstechnica.com/?p=1896911","2022-11-14T14:49:55+00:00"
"https://arstechnica.com/?p=1897062","2022-11-14T14:49:52+00:00"
"https://arstechnica.com/?p=1897331","2022-11-14T14:49:45+00:00"
"https://arstechnica.com/?p=1897509","2022-11-14T16:40:30+00:00"
"https://arstechnica.com/?p=1897112","2022-11-14T14:49:39+00:00"
"https://arstechnica.com/?p=1897185","2022-11-14T14:49:51+00:00"
"https://arstechnica.com/?p=1897062","2022-11-14T14:49:52+00:00"
"https://arstechnica.com/?p=1897112","2022-11-14T14:49:39+00:00"
"https://arstechnica.com/?p=1897339","2022-11-14T14:49:43+00:00"
"https://arstechnica.com/?p=1897031","2022-11-14T14:49:54+00:00"
"https://arstechnica.com/?p=1897339","2022-11-14T14:49:43+00:00"
"https://arstechnica.com/?p=1891572","2022-11-14T14:49:49+00:00"
"https://arstechnica.com/?p=1897247","2022-11-14T14:49:47+00:00"
"https://arstechnica.com/?p=1897321","2022-11-14T14:49:44+00:00"
"https://arstechnica.com/?p=1897331","2022-11-14T14:49:45+00:00"
"https://arstechnica.com/?p=1897425","2022-11-14T14:49:32+00:00"
"https://arstechnica.com/?p=1897185","2022-11-14T14:49:51+00:00"
"https://arstechnica.com/?p=1897331","2022-11-14T14:49:45+00:00"
"https://arstechnica.com/?p=1897439","2022-11-14T14:49:33+00:00"
"https://arstechnica.com/?p=1897031","2022-11-14T14:49:54+00:00"
"https://arstechnica.com/?p=1897097","2022-11-14T14:49:53+00:00"
"https://arstechnica.com/?p=1897031","2022-11-14T14:49:54+00:00"
"https://arstechnica.com/?p=1885293","2022-11-14T14:49:31+00:00"
"https://arstechnica.com/?p=1897112","2022-11-14T14:49:39+00:00"
"https://arstechnica.com/?p=1895882","2022-11-14T14:49:36+00:00"
"https://arstechnica.com/?p=1897094","2022-11-14T14:49:38+00:00"
"https://arstechnica.com/?p=1897100","2022-11-14T14:49:40+00:00"
"https://arstechnica.com/?p=1897239","2022-11-14T14:49:48+00:00"
"https://arstechnica.com/?p=1885293","2022-11-14T14:49:31+00:00"
"https://arstechnica.com/?p=1895882","2022-11-14T14:49:36+00:00"
"https://arstechnica.com/?p=1891572","2022-11-14T14:49:49+00:00"
"https://arstechnica.com/?p=1897439","2022-11-14T14:49:33+00:00"
"https://arstechnica.com/?p=1897094","2022-11-14T14:49:38+00:00"
"https://arstechnica.com/?p=1897112","2022-11-14T14:49:39+00:00"
"https://arstechnica.com/?p=1897185","2022-11-14T14:49:51+00:00"
"https://arstechnica.com/?p=1897031","2022-11-14T14:49:54+00:00"
"https://arstechnica.com/?p=1896911","2022-11-14T14:49:55+00:00"
"https://arstechnica.com/?p=1895882","2022-11-14T14:49:36+00:00"
"https://arstechnica.com/?p=1897136","2022-11-14T14:49:34+00:00"
"https://arstechnica.com/?p=1897100","2022-11-14T14:49:40+00:00"
"https://arstechnica.com/?p=1897094","2022-11-14T14:49:38+00:00"
"https://arstechnica.com/?p=1897321","2022-11-14T14:49:44+00:00"
"https://arstechnica.com/?p=1897225","2022-11-14T14:49:41+00:00"
"https://arstechnica.com/?p=1897185","2022-11-14T14:49:51+00:00"
"https://arstechnica.com/?p=1897247","2022-11-14T14:49:47+00:00"
"https://arstechnica.com/?p=1891572","2022-11-14T14:49:49+00:00"
"https://arstechnica.com/?p=1897185","2022-11-14T14:49:51+00:00"
"https://arstechnica.com/?p=1897031","2022-11-14T14:49:54+00:00"
"https://arstechnica.com/?p=1897094","2022-11-14T14:49:38+00:00"
"https://arstechnica.com/?p=1897605","2022-11-14T20:06:38+00:00"
"https://arstechnica.com/?p=1897136","2022-11-14T14:49:34+00:00"
"https://arstechnica.com/?p=1885293","2022-11-14T14:49:31+00:00"
"https://arstechnica.com/?p=1897031","2022-11-14T14:49:54+00:00"
"https://arstechnica.com/?p=1897331","2022-11-14T14:49:45+00:00"
"https://arstechnica.com/?p=1897062","2022-11-14T14:49:52+00:00"
"https://arstechnica.com/?p=1897425","2022-11-14T14:49:32+00:00"
"https://arstechnica.com/?p=1897425","2022-11-14T14:49:32+00:00"
"https://arstechnica.com/?p=1897439","2022-11-14T14:49:33+00:00"
"https://arstechnica.com/?p=1895882","2022-11-14T14:49:36+00:00"
"https://arstechnica.com/?p=1897136","2022-11-14T14:49:34+00:00"
"https://arstechnica.com/?p=1896911","2022-11-14T14:49:55+00:00"
"https://arstechnica.com/?p=1896911","2022-11-14T14:49:55+00:00"
"https://arstechnica.com/?p=1897225","2022-11-14T14:49:41+00:00"
"https://arstechnica.com/?p=1897339","2022-11-14T14:49:43+00:00"
"https://arstechnica.com/?p=1897062","2022-11-14T14:49:52+00:00"
"https://arstechnica.com/?p=1897321","2022-11-14T14:49:44+00:00"
"https://arstechnica.com/?p=1897185","2022-11-14T14:49:51+00:00"
"https://arstechnica.com/?p=1897331","2022-11-14T14:49:45+00:00"
"https://arstechnica.com/?p=1897100","2022-11-14T14:49:40+00:00"
"https://arstechnica.com/?p=1897439","2022-11-14T14:49:33+00:00"
"https://arstechnica.com/?p=1897239","2022-11-14T14:49:48+00:00"
"https://arstechnica.com/?p=1897439","2022-11-14T14:49:33+00:00"
"https://arstechnica.com/?p=1897136","2022-11-14T14:49:34+00:00"
"https://arstechnica.com/?p=1897112","2022-11-14T14:49:39+00:00"
"https://arstechnica.com/?p=1897094","2022-11-14T14:49:38+00:00"
"https://arstechnica.com/?p=1897062","2022-11-14T14:49:52+00:00"
"https://arstechnica.com/?p=1897247","2022-11-14T14:49:47+00:00"
"https://arstechnica.com/?p=1885293","2022-11-14T14:49:31+00:00"
"https://arstechnica.com/?p=1897031","2022-11-14T14:49:54+00:00"
"https://arstechnica.com/?p=1895882","2022-11-14T14:49:36+00:00"
"https://arstechnica.com/?p=1897225","2022-11-14T14:49:41+00:00"
"https://arstechnica.com/?p=1891572","2022-11-14T14:49:49+00:00"
